<?xml version="1.0" encoding="utf-8"?>
<extension type="plugin" version="3.1" method="upgrade" group="system">
	<name>JoomShopping Sort Bugfix</name>
	<creationDate>13.03.2019</creationDate>
	<version>1.0.0</version>
	<author>Sergey Bolotov</author>
	<authorEmail>sales@webstudio.pro</authorEmail>
	<authorUrl>http://webstudio.pro</authorUrl>
	<copyright></copyright>
	<license>GNU GPL</license>
	<description>JoomShopping fix for product manual sorting</description>
    <files>
        <filename plugin="jshoppingadmin_wssort">jshoppingadmin_wssort.php</filename>
    </files>
</extension>